DATE,BORROW
1919-01-01,1.710
1919-02-01,1.807
1919-03-01,1.885
1919-04-01,1.927
1919-05-01,1.980
1919-06-01,1.836
1919-07-01,1.882
1919-08-01,1.803
1919-09-01,1.783
1919-10-01,2.084
1919-11-01,2.167
1919-12-01,2.109
1920-01-01,2.148
1920-02-01,2.327
1920-03-01,2.372
1920-04-01,2.438
1920-05-01,2.519
1920-06-01,2.454
1920-07-01,2.512
1920-08-01,2.607
1920-09-01,2.658
1920-10-01,2.766
1920-11-01,2.755
1920-12-01,2.708
1921-01-01,2.499
1921-02-01,2.400
1921-03-01,2.305
1921-04-01,2.130
1921-05-01,1.954
1921-06-01,1.811
1921-07-01,1.710
1921-08-01,1.529
1921-09-01,1.432
1921-10-01,1.360
1921-11-01,1.218
1921-12-01,1.182
1922-01-01,0.966
1922-02-01,0.792
1922-03-01,0.637
1922-04-01,0.563
1922-05-01,0.482
1922-06-01,0.431
1922-07-01,0.438
1922-08-01,0.392
1922-09-01,0.409
1922-10-01,0.485
1922-11-01,0.629
1922-12-01,0.653
1923-01-01,0.564
1923-02-01,0.612
1923-03-01,0.629
1923-04-01,0.650
1923-05-01,0.711
1923-06-01,0.737
1923-07-01,0.836
1923-08-01,0.805
1923-09-01,0.832
1923-10-01,0.865
1923-11-01,0.787
1923-12-01,0.779
1924-01-01,0.600
1924-02-01,0.515
1924-03-01,0.471
1924-04-01,0.490
1924-05-01,0.424
1924-06-01,0.370
1924-07-01,0.314
1924-08-01,0.266
1924-09-01,0.270
1924-10-01,0.248
1924-11-01,0.227
1924-12-01,0.294
1925-01-01,0.242
1925-02-01,0.347
1925-03-01,0.372
1925-04-01,0.389
1925-05-01,0.365
1925-06-01,0.421
1925-07-01,0.455
1925-08-01,0.545
1925-09-01,0.587
1925-10-01,0.613
1925-11-01,0.593
1925-12-01,0.683
1926-01-01,0.493
1926-02-01,0.518
1926-03-01,0.555
1926-04-01,0.521
1926-05-01,0.491
1926-06-01,0.465
1926-07-01,0.533
1926-08-01,0.551
1926-09-01,0.637
1926-10-01,0.637
1926-11-01,0.613
1926-12-01,0.648
1927-01-01,0.476
1927-02-01,0.392
1927-03-01,0.419
1927-04-01,0.422
1927-05-01,0.459
1927-06-01,0.435
1927-07-01,0.434
1927-08-01,0.413
1927-09-01,0.417
1927-10-01,0.428
1927-11-01,0.420
1927-12-01,0.532
1928-01-01,0.439
1928-02-01,0.463
1928-03-01,0.489
1928-04-01,0.637
1928-05-01,0.826
1928-06-01,1.012
1928-07-01,1.079
1928-08-01,1.045
1928-09-01,1.064
1928-10-01,0.960
1928-11-01,0.901
1928-12-01,1.039
1929-01-01,0.844
1929-02-01,0.875
1929-03-01,0.956
1929-04-01,0.990
1929-05-01,0.951
1929-06-01,0.974
1929-07-01,1.090
1929-08-01,1.040
1929-09-01,0.961
1929-10-01,0.878
1929-11-01,0.950
1929-12-01,0.801
1930-01-01,0.498
1930-02-01,0.378
1930-03-01,0.272
1930-04-01,0.231
1930-05-01,0.245
1930-06-01,0.250
1930-07-01,0.223
1930-08-01,0.214
1930-09-01,0.188
1930-10-01,0.196
1930-11-01,0.220
1930-12-01,0.337
1931-01-01,0.252
1931-02-01,0.216
1931-03-01,0.176
1931-04-01,0.154
1931-05-01,0.163
1931-06-01,0.187
1931-07-01,0.169
1931-08-01,0.222
1931-09-01,0.280
1931-10-01,0.608
1931-11-01,0.684
1931-12-01,0.763
1932-01-01,0.817
1932-02-01,0.836
1932-03-01,0.706
1932-04-01,0.599
1932-05-01,0.484
1932-06-01,0.494
1932-07-01,0.522
1932-08-01,0.450
1932-09-01,0.386
1932-10-01,0.327
1932-11-01,0.312
1932-12-01,0.281
1933-01-01,0.254
1933-02-01,0.306
1933-03-01,0.881
1933-04-01,0.323
1933-05-01,0.253
1933-06-01,0.184
1933-07-01,0.113
1933-08-01,0.116
1933-09-01,0.103
1933-10-01,0.091
1933-11-01,0.090
1933-12-01,0.095
1934-01-01,0.085
1934-02-01,0.054
1934-03-01,0.041
1934-04-01,0.031
1934-05-01,0.026
1934-06-01,0.022
1934-07-01,0.018
1934-08-01,0.016
1934-09-01,0.018
1934-10-01,0.011
1934-11-01,0.010
1934-12-01,0.010
1935-01-01,0.008
1935-02-01,0.006
1935-03-01,0.006
1935-04-01,0.006
1935-05-01,0.007
1935-06-01,0.007
1935-07-01,0.007
1935-08-01,0.007
1935-09-01,0.010
1935-10-01,0.008
1935-11-01,0.007
1935-12-01,0.006
1936-01-01,0.006
1936-02-01,0.007
1936-03-01,0.006
1936-04-01,0.005
1936-05-01,0.005
1936-06-01,0.006
1936-07-01,0.003
1936-08-01,0.006
1936-09-01,0.007
1936-10-01,0.006
1936-11-01,0.006
1936-12-01,0.007
1937-01-01,0.003
1937-02-01,0.003
1937-03-01,0.006
1937-04-01,0.010
1937-05-01,0.016
1937-06-01,0.015
1937-07-01,0.013
1937-08-01,0.017
1937-09-01,0.024
1937-10-01,0.022
1937-11-01,0.019
1937-12-01,0.016
1938-01-01,0.011
1938-02-01,0.010
1938-03-01,0.010
1938-04-01,0.011
1938-05-01,0.008
1938-06-01,0.009
1938-07-01,0.008
1938-08-01,0.007
1938-09-01,0.008
1938-10-01,0.008
1938-11-01,0.007
1938-12-01,0.007
1939-01-01,0.005
1939-02-01,0.005
1939-03-01,0.003
1939-04-01,0.003
1939-05-01,0.004
1939-06-01,0.004
1939-07-01,0.003
1939-08-01,0.003
1939-09-01,0.003
1939-10-01,0.003
1939-11-01,0.004
1939-12-01,0.003
1940-01-01,0.002
1940-02-01,0.002
1940-03-01,0.002
1940-04-01,0.001
1940-05-01,0.002
1940-06-01,0.002
1940-07-01,0.003
1940-08-01,0.003
1940-09-01,0.004
1940-10-01,0.004
1940-11-01,0.003
1940-12-01,0.003
1941-01-01,0.003
1941-02-01,0.002
1941-03-01,0.002
1941-04-01,0.002
1941-05-01,0.002
1941-06-01,0.002
1941-07-01,0.003
1941-08-01,0.008
1941-09-01,0.012
1941-10-01,0.008
1941-11-01,0.006
1941-12-01,0.005
1942-01-01,0.004
1942-02-01,0.004
1942-03-01,0.006
1942-04-01,0.007
1942-05-01,0.007
1942-06-01,0.004
1942-07-01,0.002
1942-08-01,0.004
1942-09-01,0.008
1942-10-01,0.004
1942-11-01,0.004
1942-12-01,0.004
1943-01-01,0.004
1943-02-01,0.007
1943-03-01,0.008
1943-04-01,0.013
1943-05-01,0.018
1943-06-01,0.014
1943-07-01,0.013
1943-08-01,0.027
1943-09-01,0.040
1943-10-01,0.015
1943-11-01,0.035
1943-12-01,0.090
1944-01-01,0.032
1944-02-01,0.035
1944-03-01,0.063
1944-04-01,0.074
1944-05-01,0.160
1944-06-01,0.154
1944-07-01,0.034
1944-08-01,0.070
1944-09-01,0.108
1944-10-01,0.190
1944-11-01,0.436
1944-12-01,0.265
1945-01-01,0.118
1945-02-01,0.232
1945-03-01,0.244
1945-04-01,0.360
1945-05-01,0.632
1945-06-01,0.590
1945-07-01,0.164
1945-08-01,0.383
1945-09-01,0.388
1945-10-01,0.358
1945-11-01,0.592
1945-12-01,0.334
1946-01-01,0.185
1946-02-01,0.324
1946-03-01,0.526
1946-04-01,0.393
1946-05-01,0.150
1946-06-01,0.127
1946-07-01,0.121
1946-08-01,0.126
1946-09-01,0.149
1946-10-01,0.107
1946-11-01,0.211
1946-12-01,0.157
1947-01-01,0.106
1947-02-01,0.203
1947-03-01,0.173
1947-04-01,0.126
1947-05-01,0.107
1947-06-01,0.135
1947-07-01,0.092
1947-08-01,0.127
1947-09-01,0.133
1947-10-01,0.171
1947-11-01,0.274
1947-12-01,0.224
1948-01-01,0.143
1948-02-01,0.244
1948-03-01,0.270
1948-04-01,0.111
1948-05-01,0.144
1948-06-01,0.100
1948-07-01,0.095
1948-08-01,0.087
1948-09-01,0.128
1948-10-01,0.111
1948-11-01,0.118
1948-12-01,0.134
1949-01-01,0.169
1949-02-01,0.110
1949-03-01,0.148
1949-04-01,0.098
1949-05-01,0.176
1949-06-01,0.100
1949-07-01,0.109
1949-08-01,0.094
1949-09-01,0.075
1949-10-01,0.046
1949-11-01,0.134
1949-12-01,0.118
1950-01-01,0.035
1950-02-01,0.123
1950-03-01,0.128
1950-04-01,0.101
1950-05-01,0.080
1950-06-01,0.068
1950-07-01,0.123
1950-08-01,0.164
1950-09-01,0.096
1950-10-01,0.067
1950-11-01,0.145
1950-12-01,0.142
1951-01-01,0.212
1951-02-01,0.330
1951-03-01,0.242
1951-04-01,0.161
1951-05-01,0.438
1951-06-01,0.170
1951-07-01,0.194
1951-08-01,0.292
1951-09-01,0.338
1951-10-01,0.095
1951-11-01,0.340
1951-12-01,0.657
1952-01-01,0.210
1952-02-01,0.365
1952-03-01,0.307
1952-04-01,0.367
1952-05-01,0.563
1952-06-01,0.579
1952-07-01,1.077
1952-08-01,1.032
1952-09-01,0.683
1952-10-01,1.048
1952-11-01,1.532
1952-12-01,1.593
1953-01-01,1.347
1953-02-01,1.310
1953-03-01,1.202
1953-04-01,1.166
1953-05-01,0.944
1953-06-01,0.423
1953-07-01,0.418
1953-08-01,0.651
1953-09-01,0.468
1953-10-01,0.362
1953-11-01,0.486
1953-12-01,0.441
1954-01-01,0.100
1954-02-01,0.293
1954-03-01,0.189
1954-04-01,0.139
1954-05-01,0.155
1954-06-01,0.146
1954-07-01,0.065
1954-08-01,0.115
1954-09-01,0.067
1954-10-01,0.082
1954-11-01,0.164
1954-12-01,0.246
1955-01-01,0.313
1955-02-01,0.354
1955-03-01,0.463
1955-04-01,0.495
1955-05-01,0.368
1955-06-01,0.401
1955-07-01,0.527
1955-08-01,0.765
1955-09-01,0.849
1955-10-01,0.884
1955-11-01,1.016
1955-12-01,0.839
1956-01-01,0.807
1956-02-01,0.799
1956-03-01,0.993
1956-04-01,1.060
1956-05-01,0.971
1956-06-01,0.769
1956-07-01,0.738
1956-08-01,0.898
1956-09-01,0.792
1956-10-01,0.715
1956-11-01,0.744
1956-12-01,0.688
1957-01-01,0.406
1957-02-01,0.640
1957-03-01,0.834
1957-04-01,1.011
1957-05-01,0.909
1957-06-01,1.005
1957-07-01,0.917
1957-08-01,1.005
1957-09-01,0.988
1957-10-01,0.811
1957-11-01,0.804
1957-12-01,0.710
1958-01-01,0.451
1958-02-01,0.242
1958-03-01,0.138
1958-04-01,0.130
1958-05-01,0.119
1958-06-01,0.142
1958-07-01,0.109
1958-08-01,0.252
1958-09-01,0.476
1958-10-01,0.425
1958-11-01,0.486
1958-12-01,0.557
1959-01-01,0.5518
1959-02-01,0.505
1959-03-01,0.5995
1959-04-01,0.6916
1959-05-01,0.7415
1959-06-01,0.9297
1959-07-01,0.9615
1959-08-01,0.9904
1959-09-01,0.9267
1959-10-01,0.9071
1959-11-01,0.8585
1959-12-01,0.9412
1960-01-01,0.887
1960-02-01,0.810
1960-03-01,0.6406
1960-04-01,0.6057
1960-05-01,0.4957
1960-06-01,0.4343
1960-07-01,0.3789
1960-08-01,0.2958
1960-09-01,0.2149
1960-10-01,0.1671
1960-11-01,0.133
1960-12-01,0.0742
1961-01-01,0.0655
1961-02-01,0.1328
1961-03-01,0.0702
1961-04-01,0.057
1961-05-01,0.0951
1961-06-01,0.0629
1961-07-01,0.0542
1961-08-01,0.0652
1961-09-01,0.0377
1961-10-01,0.0706
1961-11-01,0.0979
1961-12-01,0.1332
1962-01-01,0.0865
1962-02-01,0.0675
1962-03-01,0.089
1962-04-01,0.0718
1962-05-01,0.0607
1962-06-01,0.1021
1962-07-01,0.0916
1962-08-01,0.1246
1962-09-01,0.0808
1962-10-01,0.0625
1962-11-01,0.1205
1962-12-01,0.2603
1963-01-01,0.1461
1963-02-01,0.1656
1963-03-01,0.1482
1963-04-01,0.1298
1963-05-01,0.2103
1963-06-01,0.2586
1963-07-01,0.2978
1963-08-01,0.3291
1963-09-01,0.3187
1963-10-01,0.3199
1963-11-01,0.3487
1963-12-01,0.3324
1964-01-01,0.2743
1964-02-01,0.2863
1964-03-01,0.2777
1964-04-01,0.211
1964-05-01,0.2601
1964-06-01,0.2685
1964-07-01,0.2635
1964-08-01,0.3147
1964-09-01,0.3453
1964-10-01,0.3213
1964-11-01,0.4004
1964-12-01,0.2638
1965-01-01,0.2998
1965-02-01,0.4046
1965-03-01,0.4111
1965-04-01,0.4715
1965-05-01,0.4951
1965-06-01,0.5371
1965-07-01,0.5282
1965-08-01,0.5472
1965-09-01,0.554
1965-10-01,0.488
1965-11-01,0.4317
1965-12-01,0.4437
1966-01-01,0.420
1966-02-01,0.4817
1966-03-01,0.5604
1966-04-01,0.6366
1966-05-01,0.6875
1966-06-01,0.7073
1966-07-01,0.7412
1966-08-01,0.7351
1966-09-01,0.7687
1966-10-01,0.7343
1966-11-01,0.6071
1966-12-01,0.5325
1967-01-01,0.4095
1967-02-01,0.3636
1967-03-01,0.2004
1967-04-01,0.1461
1967-05-01,0.0893
1967-06-01,0.1057
1967-07-01,0.1149
1967-08-01,0.0807
1967-09-01,0.0885
1967-10-01,0.1287
1967-11-01,0.1316
1967-12-01,0.2277
1968-01-01,0.2462
1968-02-01,0.3726
1968-03-01,0.6594
1968-04-01,0.6851
1968-05-01,0.7409
1968-06-01,0.6937
1968-07-01,0.5271
1968-08-01,0.5646
1968-09-01,0.5035
1968-10-01,0.4429
1968-11-01,0.5447
1968-12-01,0.7458
1969-01-01,0.7359
1969-02-01,0.8353
1969-03-01,0.9016
1969-04-01,1.0034
1969-05-01,1.3745
1969-06-01,1.3847
1969-07-01,1.252
1969-08-01,1.2186
1969-09-01,1.0795
1969-10-01,1.1499
1969-11-01,1.2026
1969-12-01,1.1187
1970-01-01,0.9595
1970-02-01,1.0803
1970-03-01,0.8978
1970-04-01,0.8452
1970-05-01,0.9675
1970-06-01,0.8811
1970-07-01,1.3598
1970-08-01,0.8373
1970-09-01,0.6003
1970-10-01,0.4625
1970-11-01,0.4148
1970-12-01,0.3324
1971-01-01,0.3644
1971-02-01,0.3317
1971-03-01,0.3187
1971-04-01,0.1532
1971-05-01,0.284
1971-06-01,0.4922
1971-07-01,0.8232
1971-08-01,0.8095
1971-09-01,0.4947
1971-10-01,0.3573
1971-11-01,0.3836
1971-12-01,0.126
1972-01-01,0.0215
1972-02-01,0.0328
1972-03-01,0.098
1972-04-01,0.1175
1972-05-01,0.1114
1972-06-01,0.1001
1972-07-01,0.238
1972-08-01,0.3878
1972-09-01,0.5414
1972-10-01,0.5552
1972-11-01,0.6084
1972-12-01,1.0499
1973-01-01,1.1603
1973-02-01,1.5933
1973-03-01,1.8241
1973-04-01,1.7114
1973-05-01,1.8426
1973-06-01,1.8508
1973-07-01,1.9528
1973-08-01,2.1648
1973-09-01,1.8522
1973-10-01,1.476
1973-11-01,1.3928
1973-12-01,1.2984
1974-01-01,1.051
1974-02-01,1.1914
1974-03-01,1.3141
1974-04-01,1.7365
1974-05-01,2.5899
1974-06-01,3.0063
1974-07-01,3.3009
1974-08-01,3.3361
1974-09-01,3.2822
1974-10-01,1.813
1974-11-01,1.252
1974-12-01,0.7272
1975-01-01,0.3984
1975-02-01,0.1473
1975-03-01,0.1058
1975-04-01,0.1103
1975-05-01,0.0659
1975-06-01,0.2271
1975-07-01,0.3011
1975-08-01,0.2114
1975-09-01,0.3967
1975-10-01,0.1902
1975-11-01,0.060
1975-12-01,0.130
1976-01-01,0.0783
1976-02-01,0.0807
1976-03-01,0.0537
1976-04-01,0.0445
1976-05-01,0.1145
1976-06-01,0.1265
1976-07-01,0.1326
1976-08-01,0.1004
1976-09-01,0.0618
1976-10-01,0.0942
1976-11-01,0.0721
1976-12-01,0.0531
1977-01-01,0.0681
1977-02-01,0.0715
1977-03-01,0.1034
1977-04-01,0.0732
1977-05-01,0.2064
1977-06-01,0.2624
1977-07-01,0.3229
1977-08-01,1.0607
1977-09-01,0.6256
1977-10-01,1.3055
1977-11-01,0.8617
1977-12-01,0.5695
1978-01-01,0.4839
1978-02-01,0.4055
1978-03-01,0.328
1978-04-01,0.5567
1978-05-01,1.2119
1978-06-01,1.0941
1978-07-01,1.3172
1978-08-01,1.1397
1978-09-01,1.060
1978-10-01,1.2773
1978-11-01,0.7031
1978-12-01,0.8683
1979-01-01,1.0026
1979-02-01,0.973
1979-03-01,0.9905
1979-04-01,0.9176
1979-05-01,1.7649
1979-06-01,1.4178
1979-07-01,1.1706
1979-08-01,1.0852
1979-09-01,1.3404
1979-10-01,2.0217
1979-11-01,1.9058
1979-12-01,1.4726
1980-01-01,1.2411
1980-02-01,1.6551
1980-03-01,2.8232
1980-04-01,2.4552
1980-05-01,1.0183
1980-06-01,0.3794
1980-07-01,0.3946
1980-08-01,0.6582
1980-09-01,1.3114
1980-10-01,1.3102
1980-11-01,2.0595
1980-12-01,1.6902
1981-01-01,1.3945
1981-02-01,1.3035
1981-03-01,0.9997
1981-04-01,1.3377
1981-05-01,2.2232
1981-06-01,2.0374
1981-07-01,1.6792
1981-08-01,1.4196
1981-09-01,1.4564
1981-10-01,1.1805
1981-11-01,0.6627
1981-12-01,0.6363
1982-01-01,1.5175
1982-02-01,1.7895
1982-03-01,1.5548
1982-04-01,1.5678
1982-05-01,1.1174
1982-06-01,1.2046
1982-07-01,0.6914
1982-08-01,0.5154
1982-09-01,0.9333
1982-10-01,0.4774
1982-11-01,0.6208
1982-12-01,0.6339
1983-01-01,0.5294
1983-02-01,0.5824
1983-03-01,0.7923
1983-04-01,1.0093
1983-05-01,0.9524
1983-06-01,1.6359
1983-07-01,1.4528
1983-08-01,1.5461
1983-09-01,1.4408
1983-10-01,0.8437
1983-11-01,0.905
1983-12-01,0.7739
1984-01-01,0.7151
1984-02-01,0.5672
1984-03-01,0.9515
1984-04-01,1.2338
1984-05-01,2.9884
1984-06-01,3.3003
1984-07-01,5.9242
1984-08-01,8.0168
1984-09-01,7.2418
1984-10-01,6.017
1984-11-01,4.6173
1984-12-01,3.1862
1985-01-01,1.3949
1985-02-01,1.289
1985-03-01,1.593
1985-04-01,1.3227
1985-05-01,1.3339
1985-06-01,1.2047
1985-07-01,1.1067
1985-08-01,1.0727
1985-09-01,1.2889
1985-10-01,1.1872
1985-11-01,1.7406
1985-12-01,1.3184
1986-01-01,0.7705
1986-02-01,0.8835
1986-03-01,0.7607
1986-04-01,0.8925
1986-05-01,0.876
1986-06-01,0.803
1986-07-01,0.7405
1986-08-01,0.8724
1986-09-01,1.0084
1986-10-01,0.8415
1986-11-01,0.7517
1986-12-01,0.8265
1987-01-01,0.5799
1987-02-01,0.5564
1987-03-01,0.5274
1987-04-01,0.9928
1987-05-01,1.0354
1987-06-01,0.7764
1987-07-01,0.6723
1987-08-01,0.6472
1987-09-01,0.9401
1987-10-01,0.9428
1987-11-01,0.6248
1987-12-01,0.7774
1988-01-01,1.0816
1988-02-01,0.3963
1988-03-01,1.7518
1988-04-01,2.9934
1988-05-01,2.5776
1988-06-01,3.0828
1988-07-01,3.4399
1988-08-01,3.2408
1988-09-01,2.8393
1988-10-01,2.2992
1988-11-01,2.8612
1988-12-01,1.7156
1989-01-01,1.6489
1989-02-01,1.4867
1989-03-01,1.8127
1989-04-01,2.2893
1989-05-01,1.7201
1989-06-01,1.490
1989-07-01,0.6939
1989-08-01,0.6748
1989-09-01,0.693
1989-10-01,0.5554
1989-11-01,0.3493
1989-12-01,0.2654
1990-01-01,0.4399
1990-02-01,1.4479
1990-03-01,2.1235
1990-04-01,1.6086
1990-05-01,1.3315
1990-06-01,0.8814
1990-07-01,0.7575
1990-08-01,0.9269
1990-09-01,0.6244
1990-10-01,0.4103
1990-11-01,0.2301
1990-12-01,0.3255
1991-01-01,0.534
1991-02-01,0.252
1991-03-01,0.241
1991-04-01,0.2312
1991-05-01,0.303
1991-06-01,0.3398
1991-07-01,0.6066
1991-08-01,0.7642
1991-09-01,0.6453
1991-10-01,0.2607
1991-11-01,0.108
1991-12-01,0.1921
1992-01-01,0.2335
1992-02-01,0.0774
1992-03-01,0.0911
1992-04-01,0.090
1992-05-01,0.1546
1992-06-01,0.2292
1992-07-01,0.2843
1992-08-01,0.2505
1992-09-01,0.2874
1992-10-01,0.1428
1992-11-01,0.1041
1992-12-01,0.1236
1993-01-01,0.1655
1993-02-01,0.0453
1993-03-01,0.0915
1993-04-01,0.0732
1993-05-01,0.1214
1993-06-01,0.1814
1993-07-01,0.2439
1993-08-01,0.3522
1993-09-01,0.4276
1993-10-01,0.2852
1993-11-01,0.0895
1993-12-01,0.082
1994-01-01,0.0734
1994-02-01,0.0704
1994-03-01,0.0551
1994-04-01,0.1242
1994-05-01,0.2001
1994-06-01,0.3334
1994-07-01,0.458
1994-08-01,0.4686
1994-09-01,0.4867
1994-10-01,0.3804
1994-11-01,0.2491
1994-12-01,0.209
1995-01-01,0.1358
1995-02-01,0.0594
1995-03-01,0.0689
1995-04-01,0.1107
1995-05-01,0.1499
1995-06-01,0.2724
1995-07-01,0.3713
1995-08-01,0.282
1995-09-01,0.2775
1995-10-01,0.2454
1995-11-01,0.2043
1995-12-01,0.2574
1996-01-01,0.038
1996-02-01,0.0346
1996-03-01,0.0211
1996-04-01,0.0906
1996-05-01,0.1273
1996-06-01,0.3864
1996-07-01,0.3677
1996-08-01,0.3337
1996-09-01,0.3676
1996-10-01,0.2871
1996-11-01,0.214
1996-12-01,0.1547
1997-01-01,0.045
1997-02-01,0.0421
1997-03-01,0.1563
1997-04-01,0.2606
1997-05-01,0.2432
1997-06-01,0.367
1997-07-01,0.4091
1997-08-01,0.5976
1997-09-01,0.4379
1997-10-01,0.2696
1997-11-01,0.1528
1997-12-01,0.3245
1998-01-01,0.2099
1998-02-01,0.0578
1998-03-01,0.0414
1998-04-01,0.0721
1998-05-01,0.1526
1998-06-01,0.2507
1998-07-01,0.2578
1998-08-01,0.2707
1998-09-01,0.2507
1998-10-01,0.1738
1998-11-01,0.0834
1998-12-01,0.1168
1999-01-01,0.2058
1999-02-01,0.1155
1999-03-01,0.0647
1999-04-01,0.1664
1999-05-01,0.1273
1999-06-01,0.1447
1999-07-01,0.3091
1999-08-01,0.3438
1999-09-01,0.3382
1999-10-01,0.2813
1999-11-01,0.2356
1999-12-01,0.3203
2000-01-01,0.3736
2000-02-01,0.1079
2000-03-01,0.1791
2000-04-01,0.304
2000-05-01,0.362
2000-06-01,0.4793
2000-07-01,0.5696
2000-08-01,0.5789
2000-09-01,0.4774
2000-10-01,0.4184
2000-11-01,0.2831
2000-12-01,0.2096
2001-01-01,0.073
2001-02-01,0.0511
2001-03-01,0.0577
2001-04-01,0.0507
2001-05-01,0.2131
2001-06-01,0.2294
2001-07-01,0.283
2001-08-01,0.1832
2001-09-01,3.3849
2001-10-01,0.1272
2001-11-01,0.084
2001-12-01,0.0668
2002-01-01,0.0496
2002-02-01,0.0299
2002-03-01,0.0789
2002-04-01,0.0707
2002-05-01,0.112
2002-06-01,0.1423
2002-07-01,0.1914
2002-08-01,0.3333
2002-09-01,0.2291
2002-10-01,0.1427
2002-11-01,0.2715
2002-12-01,0.0797
2003-01-01,0.0269
2003-02-01,0.0252
2003-03-01,0.0217
2003-04-01,0.0294
2003-05-01,0.0555
2003-06-01,0.1615
2003-07-01,0.1304
2003-08-01,0.3287
2003-09-01,0.1805
2003-10-01,0.1073
2003-11-01,0.0681
2003-12-01,0.0458
2004-01-01,0.106
2004-02-01,0.0419
2004-03-01,0.0513
2004-04-01,0.0859
2004-05-01,0.1117
2004-06-01,0.1802
2004-07-01,0.2446
2004-08-01,0.2514
2004-09-01,0.335
2004-10-01,0.1793
2004-11-01,0.1831
2004-12-01,0.0628
2005-01-01,0.062
2005-02-01,0.0418
2005-03-01,0.0493
2005-04-01,0.1315
2005-05-01,0.1392
2005-06-01,0.2489
2005-07-01,0.4247
2005-08-01,0.3623
2005-09-01,0.3321
2005-10-01,0.2836
2005-11-01,0.126
2005-12-01,0.1688
2006-01-01,0.110
2006-02-01,0.0525
2006-03-01,0.169
2006-04-01,0.2477
2006-05-01,0.1747
2006-06-01,0.2528
2006-07-01,0.3505
2006-08-01,0.3689
2006-09-01,0.4032
2006-10-01,0.2287
2006-11-01,0.1596
2006-12-01,0.1911
2007-01-01,0.2109
2007-02-01,0.0295
2007-03-01,0.054
2007-04-01,0.0794
2007-05-01,0.1034
2007-06-01,0.1873
2007-07-01,0.262
2007-08-01,0.975
2007-09-01,1.5667
2007-10-01,0.2542
2007-11-01,0.3657
2007-12-01,15.4305
2008-01-01,45.6596
2008-02-01,60.157
2008-03-01,94.5234
2008-04-01,135.4097
2008-05-01,155.7803
2008-06-01,171.2781
2008-07-01,165.6636
2008-08-01,168.0784
2008-09-01,290.1052
2008-10-01,648.3194
2008-11-01,698.7856
2008-12-01,653.5653
2009-01-01,563.4964
2009-02-01,582.4972
2009-03-01,612.1111
2009-04-01,558.194
2009-05-01,525.4481
2009-06-01,438.7224
2009-07-01,366.9614
2009-08-01,331.4496
2009-09-01,306.8265
2009-10-01,265.0578
2009-11-01,217.307
2009-12-01,169.927
2010-01-01,142.1424
2010-02-01,111.227
2010-03-01,91.6442
2010-04-01,80.225
2010-05-01,75.6257
2010-06-01,69.8974
2010-07-01,65.8468
2010-08-01,60.0835
2010-09-01,52.5207
2010-10-01,48.5729
2010-11-01,46.6891
2010-12-01,45.4883
2011-01-01,32.2464
2011-02-01,21.9329
2011-03-01,19.8818
2011-04-01,17.8424
2011-05-01,15.1458
2011-06-01,13.2433
2011-07-01,12.3954
2011-08-01,11.834
2011-09-01,11.5749
2011-10-01,11.2103
2011-11-01,10.3407
2011-12-01,9.5262
2012-01-01,8.6141
2012-02-01,7.9332
2012-03-01,7.3297
2012-04-01,6.8648
2012-05-01,6.1868
2012-06-01,5.214
2012-07-01,4.2581
2012-08-01,3.2707
2012-09-01,1.9651
2012-10-01,1.4657
2012-11-01,1.0513
2012-12-01,0.7954
2013-01-01,0.5652
2013-02-01,0.4648
2013-03-01,0.3941
2013-04-01,0.4005
2013-05-01,0.4102
2013-06-01,0.351
2013-07-01,0.3594
2013-08-01,0.3169
2013-09-01,0.2735
2013-10-01,0.2378
2013-11-01,0.1798
2013-12-01,0.1703
2014-01-01,0.1273
2014-02-01,0.1042
2014-03-01,0.1047
2014-04-01,0.1166
2014-05-01,0.1388
2014-06-01,0.1794
2014-07-01,0.2305
2014-08-01,0.2784
2014-09-01,0.3001
2014-10-01,0.2211
2014-11-01,0.1304
2014-12-01,0.1017
2015-01-01,0.0661
2015-02-01,0.0183
2015-03-01,0.020
2015-04-01,0.0515
2015-05-01,0.0871
2015-06-01,0.1497
2015-07-01,0.1856
2015-08-01,0.235
2015-09-01,0.2556
2015-10-01,0.1941
2015-11-01,0.1152
2015-12-01,0.1055
2016-01-01,0.0768
2016-02-01,0.034
2016-03-01,0.0214
2016-04-01,0.0628
2016-05-01,0.0788
2016-06-01,0.1295
2016-07-01,0.2045
2016-08-01,0.2071
2016-09-01,0.2063
2016-10-01,0.1245
2016-11-01,0.0392
2016-12-01,0.039
2017-01-01,0.016
2017-02-01,0.0205
2017-03-01,0.0122
2017-04-01,0.0453
2017-05-01,0.0555
2017-06-01,0.0952
2017-07-01,0.1658
2017-08-01,0.2197
2017-09-01,0.2238
2017-10-01,0.1509
2017-11-01,0.0648
2017-12-01,0.0754
2018-01-01,0.0579
2018-02-01,0.0203
2018-03-01,0.016
2018-04-01,0.0506
2018-05-01,0.0939
2018-06-01,0.1432
2018-07-01,0.2241
2018-08-01,0.2606
2018-09-01,0.2902
2018-10-01,0.2092
2018-11-01,0.0966
2018-12-01,0.0757
2019-01-01,0.0262
2019-02-01,0.019
2019-03-01,0.015
2019-04-01,0.0296
2019-05-01,0.0557
2019-06-01,0.0796
2019-07-01,0.1201
2019-08-01,0.1169
2019-09-01,0.1015
2019-10-01,0.0628
2019-11-01,0.0261
2019-12-01,0.0214
2020-01-01,0.0058
2020-02-01,0.0032
2020-03-01,40.5537
2020-04-01,124.4606
2020-05-01,111.8446
2020-06-01,97.6714
2020-07-01,92.9433
2020-08-01,83.1256
2020-09-01,78.3871
2020-10-01,74.0587
2020-11-01,66.5975
2020-12-01,58.6846
2021-01-01,52.5908
2021-02-01,53.4758
2021-03-01,57.9503
2021-04-01,66.8052
2021-05-01,80.7817
2021-06-01,87.746
2021-07-01,87.6211
2021-08-01,80.7667
2021-09-01,68.5677
2021-10-01,54.5588
2021-11-01,45.3176
2021-12-01,38.0822
2022-01-01,32.0551
2022-02-01,28.7146
2022-03-01,26.2058
2022-04-01,23.9603
2022-05-01,21.8827
2022-06-01,21.4225
2022-07-01,19.5409
2022-08-01,18.7552
2022-09-01,20.2934
2022-10-01,19.8275
2022-11-01,19.1779
2022-12-01,17.3004
2023-01-01,15.7187
2023-02-01,15.6055
2023-03-01,215.3379
2023-04-01,329.6616
2023-05-01,307.1902
2023-06-01,291.3026
2023-07-01,271.9369
2023-08-01,256.7588
